,Actual,Predicted
3487,9,5
2977,2,2
5003,3,6
37,3,4
4305,12,5
101,7,5
5404,1,2
6909,8,4
3491,2,4
6722,4,6
4705,3,6
6767,6,5
132,7,4
1075,5,4
1618,5,5
642,1,4
4922,9,6
6186,3,4
4722,7,6
5582,5,6
1902,3,6
5044,10,6
2991,6,6
5213,3,4
2656,8,5
3666,2,5
2619,1,3
3252,6,4
1926,7,7
5030,4,5
3425,1,3
2666,10,7
4967,9,4
1477,9,6
1817,2,3
6118,5,3
4768,3,5
230,4,2
1891,5,5
4383,11,6
4328,12,7
2127,10,7
4087,7,5
5767,1,4
5300,3,5
6228,1,5
4942,5,5
2273,6,5
535,5,5
6930,1,5
4020,8,4
3035,2,5
2843,1,6
6717,6,4
408,5,4
6173,2,5
245,1,2
3227,12,8
2648,9,7
3620,4,8
5749,4,4
5595,3,4
6323,1,4
1765,15,6
1643,1,6
503,1,3
1406,7,6
5002,7,6
3129,4,5
1039,5,4
3213,2,5
6792,2,3
1193,1,4
469,2,4
437,7,6
6942,4,4
3102,5,6
6772,3,4
1374,6,4
6003,5,4
5441,2,2
5587,2,4
1550,8,5
3148,4,6
5017,2,6
239,7,6
1501,3,4
5218,1,5
3887,1,3
3492,4,2
2154,1,4
3933,4,6
6664,3,4
4885,3,7
3039,2,3
2840,1,3
6743,2,4
5344,4,5
1862,12,6
6147,7,4
5388,1,1
3698,2,5
696,10,4
6851,1,4
4103,4,2
4080,1,2
5850,1,6
6269,2,4
1047,9,4
1559,10,7
2829,5,4
3861,2,5
3082,6,6
3977,4,7
1115,11,7
5680,6,4
1425,6,7
381,13,6
3408,9,8
233,6,4
3961,12,7
2651,5,8
3971,4,6
5243,2,2
4302,1,3
3842,7,4
3412,13,7
79,7,4
3573,1,3
263,2,5
4335,4,5
3012,7,5
3355,4,5
2699,3,3
3771,4,6
6814,4,2
1755,1,2
2173,4,5
3905,1,5
2168,6,7
468,1,4
4523,6,6
393,1,2
6846,2,2
3437,2,5
4772,1,2
2804,9,6
3765,1,5
6578,4,5
3320,1,5
4173,2,5
435,8,5
5119,8,5
1188,10,4
3509,5,5
6796,1,2
5169,5,2
1423,4,7
3739,8,7
3625,1,5
2510,9,7
5690,3,3
1375,3,4
6496,1,3
2789,10,6
1210,1,2
1940,4,6
5434,2,5
932,5,4
1869,8,5
5817,3,6
177,2,3
6215,5,4
6821,2,3
4370,5,7
1544,1,4
2166,9,7
3078,1,3
2184,4,3
3194,1,5
1034,11,6
5414,2,6
1074,2,4
764,3,5
736,6,3
1870,12,5
3782,9,5
4372,9,5
6936,7,6
6691,2,2
496,8,6
6505,1,2
6617,5,3
3018,1,3
5394,3,5
538,4,4
4015,6,6
4810,1,4
3641,3,8
3418,6,4
1041,4,2
2519,4,3
1539,10,7
6183,1,2
3193,3,5
5998,2,4
5528,6,2
4291,10,7
6461,5,2
1512,4,5
2579,7,3
5282,10,4
6815,3,2
1263,1,4
5471,6,6
6339,4,6
2189,1,6
4602,2,4
5447,3,4
734,4,4
5050,2,4
1789,14,8
217,3,4
543,5,6
2375,2,6
5799,2,6
5339,11,5
1103,6,4
5012,2,3
2288,10,8
1657,1,3
2389,1,3
6122,4,2
4767,5,5
2948,4,8
185,9,4
3613,6,7
4284,3,5
1056,3,4
6550,6,5
5663,6,5
2673,8,5
6713,4,4
712,2,5
3951,1,3
544,7,7
733,12,5
2303,1,6
1005,5,3
50,6,4
169,13,3
511,8,7
6007,3,5
5962,3,2
2182,1,2
6194,8,5
3011,5,7
4918,5,5
1860,4,6
6506,7,2
1397,4,5
2691,12,7
2582,5,3
6272,4,6
3133,2,4
1558,5,7
1703,12,7
179,1,1
756,1,2
3844,2,5
1385,5,7
1221,9,7
6849,2,4
6018,1,2
6918,10,6
3824,8,5
2594,4,5
4595,7,3
168,9,5
5026,6,5
1393,1,4
3833,11,6
3393,9,5
3878,9,7
5102,6,4
5494,2,6
3164,7,6
3392,10,7
1783,3,6
3480,6,6
4011,6,6
706,2,4
1760,1,2
3206,9,7
752,1,4
5619,6,5
5456,4,6
5635,1,5
4088,2,5
4897,5,5
2592,9,7
2284,2,8
6858,6,4
2881,2,2
4053,2,4
4075,5,4
5916,4,4
5746,5,2
6705,4,4
4546,3,7
1195,6,5
6840,6,4
4128,9,7
1807,9,7
3153,4,5
6948,2,2
2229,8,8
4961,12,5
6809,4,2
95,14,4
6262,3,2
3169,2,7
1669,8,8
4401,6,6
457,3,5
6089,1,5
2877,3,5
3260,1,4
6180,2,2
2155,3,4
3996,7,6
5967,1,4
3150,7,7
2860,1,3
1650,4,7
6707,3,2
1656,2,3
3614,10,7
1201,7,6
4110,4,5
473,20,6
2505,1,6
5758,1,4
6535,1,5
2063,11,5
2899,1,3
6745,5,6
5834,3,6
3089,1,6
4998,3,5
5022,8,7
5802,6,4
5897,2,4
5934,2,4
2206,12,6
6379,4,5
1315,12,5
4077,4,4
2202,1,3
2893,8,5
6036,1,4
6056,5,4
2569,11,7
4411,3,5
2764,1,3
4392,9,5
5786,6,6
6055,3,5
61,9,5
5440,1,2
5710,1,4
4319,3,3
3450,11,6
4905,10,6
4643,6,4
3787,4,3
1632,13,7
1153,9,6
5586,6,4
3317,4,3
19,6,4
3407,4,6
3274,1,5
5714,3,2
1452,3,3
4537,1,3
4570,4,7
4471,1,4
957,17,6
676,2,6
4414,1,3
3473,2,3
1149,3,4
3063,11,5
3438,6,5
2392,10,6
6305,1,2
429,1,2
2662,10,7
5277,1,2
4504,5,5
2650,10,8
247,1,2
4332,8,5
4086,4,4
6692,3,4
1261,4,3
3313,1,5
1782,6,6
5112,3,3
927,4,6
6711,5,2
5189,7,2
3482,5,7
585,9,6
5555,3,5
1079,4,6
228,2,2
5715,1,4
4766,7,6
965,10,4
4808,4,4
625,4,4
2683,2,6
4801,6,5
6476,4,1
561,8,5
2885,11,6
2522,4,6
5209,1,2
1176,3,4
5792,3,3
1844,7,7
2907,5,7
3290,4,5
2302,6,5
31,5,3
576,3,4
3720,5,6
6889,9,4
1820,7,6
1297,3,4
2850,2,8
4329,5,7
6755,5,2
3802,8,5
3662,3,5
5571,3,2
2439,6,5
6419,4,4
17,1,2
96,13,5
3370,4,8
996,19,6
5316,2,2
156,7,6
3815,6,5
5294,1,2
1372,12,5
1729,8,5
319,1,2
5682,9,5
2654,12,6
6359,3,6
1009,4,5
321,8,4
5910,1,2
425,2,4
5391,3,4
6602,1,2
1046,1,4
6541,2,3
4195,4,5
2436,13,7
447,2,2
5288,8,5
6188,4,4
2177,3,2
472,14,5
80,9,5
5808,1,3
2249,1,8
4441,8,5
1345,8,4
6822,3,3
3881,6,7
6110,10,6
6566,8,2
2925,8,6
1702,9,7
1277,5,4
1919,2,3
5118,1,5
2318,3,3
6412,2,4
2862,4,5
1090,2,2
3758,6,7
1561,15,5
1400,3,6
2550,13,8
5747,2,2
2413,4,7
4915,3,2
93,13,4
6954,7,5
3513,2,3
4391,8,5
5515,6,6
3563,12,7
5693,6,3
828,12,5
4322,16,6
2301,6,6
5382,3,4
476,14,6
592,1,2
6016,2,4
4194,8,5
5780,8,5
4990,4,2
2415,6,7
534,9,7
3265,11,8
2018,5,2
3263,8,6
2825,1,3
3535,1,3
487,1,4
3221,3,6
2680,1,3
5579,3,5
5196,4,5
1410,1,4
1042,1,2
334,4,3
6655,2,5
852,6,6
1426,7,7
23,8,5
683,1,2
1454,7,4
4886,9,7
842,1,2
1087,12,4
6465,3,5
5700,4,6
2364,1,4
3379,1,3
3431,3,8
2949,8,4
6564,2,4
6084,7,2
2337,13,7
1219,1,7
5187,3,3
3050,4,8
3571,5,5
3024,6,6
2117,1,3
3807,6,3
4685,4,5
1038,10,4
4157,1,2
5753,1,6
4631,8,6
6158,3,4
1562,4,5
1600,3,4
1371,9,6
378,1,5
747,7,5
5009,4,4
199,5,4
3025,7,7
1097,7,6
3580,9,8
1533,5,5
3786,6,5
3383,5,6
6561,9,5
5522,1,4
5793,6,3
5413,4,6
5705,6,6
3540,11,6
5314,3,2
5928,2,2
6074,5,5
3168,5,7
2458,1,5
4800,7,5
865,3,3
1020,6,5
6216,2,4
2609,3,7
1509,2,5
1407,6,6
763,3,6
3718,7,7
6200,7,2
547,5,7
5844,1,2
4367,12,7
6911,3,5
1545,1,2
6908,3,4
3100,1,3
3151,9,5
2741,4,5
3862,2,5
2706,5,6
6961,4,4
3559,1,6
4603,1,4
3288,2,8
5860,6,5
1328,10,7
3154,3,5
518,4,5
611,1,4
6466,5,5
5531,2,2
5542,5,6
5327,4,3
491,13,6
3849,11,6
4686,7,5
323,4,5
2705,2,6
3258,2,3
2328,2,3
4292,7,7
3816,7,6
4478,2,2
6957,10,6
324,8,5
1747,4,7
586,12,4
4192,7,5
4387,4,7
1894,4,5
2718,4,5
4763,3,6
2465,4,6
5065,5,4
5591,6,2
3305,13,7
2398,14,7
6671,1,1
3303,11,8
88,8,3
1002,4,4
3539,6,6
1223,5,5
2669,8,8
1443,3,6
798,6,6
5839,2,4
2022,5,6
198,1,4
1880,1,6
3332,6,5
742,2,4
73,1,2
5070,4,4
1061,2,2
2647,11,7
1144,1,2
5668,1,3
3347,5,7
3664,6,5
2471,7,8
3429,1,6
2351,1,3
5107,2,5
3477,7,6
3105,8,6
1320,1,2
3071,14,5
1775,8,5
1192,1,2
6350,4,2
4832,2,5
1078,2,3
4102,8,2
1446,3,4
6127,6,4
3941,6,7
6622,4,2
2515,2,5
1108,5,5
5868,4,6
4126,11,6
2513,7,5
6378,1,4
1978,2,5
2835,4,3
208,10,5
4379,2,3
2676,7,5
5072,2,4
620,17,6
4641,1,2
5482,3,2
6551,11,5
3114,7,5
5015,3,6
2031,4,5
3218,1,3
2299,1,5
1905,4,6
3454,5,7
5912,6,2
3796,7,6
286,18,5
5269,5,5
6454,3,4
1487,6,2
4700,4,4
2481,1,3
4781,1,6
4556,1,4
6509,4,4
3955,5,6
4511,9,5
401,7,6
4839,2,5
4710,8,4
41,9,4
4269,3,5
1915,5,5
5255,2,3
1451,4,4
921,3,5
5648,7,2
2882,1,6
737,4,3
5412,2,6
3909,2,3
3692,4,3
2622,3,7
5966,1,4
994,7,5
2820,1,3
3822,11,7
5445,4,2
4306,8,6
5777,1,1
4190,7,7
1670,5,5
6087,2,5
6108,1,4
4310,4,6
800,3,6
1617,3,5
1961,6,6
833,4,6
4085,1,5
6100,3,4
549,1,7
5617,2,5
4393,3,5
6006,2,4
296,2,4
3954,5,6
1197,6,5
2239,4,2
4940,2,2
5429,3,4
3470,6,5
4650,7,6
2586,6,6
100,9,5
3334,3,5
3541,8,6
6300,1,4
2197,5,5
2902,6,6
2191,8,7
1433,1,2
6544,4,2
2812,4,7
1941,7,7
4394,4,5
6759,5,4
811,16,5
346,9,6
970,2,2
1720,7,6
6462,5,5
2118,1,3
681,1,4
1158,2,3
4407,2,8
2722,4,3
87,5,4
465,3,2
4412,3,5
6333,3,5
5049,2,4
2310,6,5
6799,2,2
4108,3,5
2271,10,5
157,9,6
351,8,4
4002,3,4
1412,3,4
1168,1,5
2112,6,5
2470,8,8
6301,1,4
3123,2,6
1321,3,2
743,8,4
5756,1,6
1022,2,4
5086,6,5
6803,4,5
4528,5,7
6797,10,2
1175,4,2
5686,5,4
3715,5,6
3001,2,6
6841,4,4
2807,11,7
2833,7,4
3903,3,5
1373,2,5
1536,3,4
5080,1,4
167,5,5
1467,2,2
5729,1,2
1672,6,5
1199,8,6
1370,6,6
5274,2,3
4274,1,7
3434,5,7
1057,3,4
4825,5,7
3405,10,6
3706,3,5
1242,5,5
4055,3,4
1665,9,7
2944,4,4
2077,2,4
2572,6,7
1662,9,6
1352,3,6
5204,2,3
1839,9,6
4368,14,7
6199,6,2
3103,5,6
3908,1,3
6681,2,4
1886,13,7
373,1,4
4951,2,4
5023,3,7
3803,9,5
308,9,7
982,16,5
4486,4,7
3478,2,6
6280,1,4
1883,13,6
3142,5,6
5100,2,4
5976,4,4
4375,1,4
1420,5,6
1543,2,4
6240,6,2
812,10,6
65,10,5
1507,1,2
6290,1,5
6788,3,3
2972,5,5
2167,12,7
1840,8,6
3856,4,7
5558,5,6
2855,2,3
4072,4,6
486,1,2
4260,3,4
2985,4,5
4734,1,2
322,15,5
248,6,4
5377,9,5
2251,5,5
2029,9,7
1606,2,6
2570,10,7
231,2,4
1163,6,5
4837,5,6
5469,5,4
3014,4,5
1741,6,6
6650,6,2
91,7,2
5836,4,6
318,1,2
2996,1,3
6895,5,5
4996,14,5
3406,6,6
3256,2,3
3825,3,5
4983,2,6
1215,10,5
4531,4,7
4709,7,4
1084,6,6
2002,11,6
5171,1,2
1181,4,6
2548,8,7
4680,1,2
3307,6,8
5416,3,5
3722,7,8
1805,7,7
5856,3,4
2663,2,6
4577,2,5
4094,6,6
1335,4,4
4505,10,6
711,7,5
2716,6,5
5291,4,2
4172,6,5
265,3,5
5103,8,5
3282,4,6
1872,11,5
6839,7,6
789,1,2
2689,16,7
2114,5,5
1918,5,3
838,13,4
14,4,3
4313,8,7
960,12,7
5995,7,7
5736,1,5
8,11,6
4645,5,5
4453,3,2
332,7,4
3918,1,7
4747,3,4
1595,5,7
6501,3,2
2742,1,3
2473,6,8
3946,2,5
3034,4,3
6334,3,5
339,2,2
3543,7,7
2846,6,7
3066,6,7
6636,8,6
4331,7,7
5659,3,5
6455,4,4
5210,1,4
622,12,4
1483,6,4
4607,9,7
6896,4,5
2617,3,5
2763,2,3
2276,1,3
5994,2,7
2252,6,5
5865,1,5
6865,3,2
4248,6,5
2164,13,5
5667,3,4
2153,1,3
1867,8,7
5337,1,4
5138,9,4
2124,11,6
1740,5,6
1244,7,4
2405,2,5
4741,7,6
196,1,2
5357,5,4
4010,10,5
1535,8,5
4691,2,3
3583,6,8
6275,3,5
3964,2,5
432,10,4
5798,1,6
6615,3,5
3892,6,6
1795,2,5
2922,7,6
4966,7,6
5048,9,4
5466,1,2
4778,6,5
5385,2,2
3008,9,7
84,12,5
2004,8,7
1480,6,6
4600,1,2
1055,5,4
4725,6,6
604,7,4
3366,12,6
6117,3,3
1730,2,5
6428,2,4
4439,8,3
4640,3,2
3767,3,3
4152,3,4
5028,4,5
5465,1,2
6107,7,4
3689,3,5
6794,3,2
4420,9,4
6805,1,5
904,7,5
6529,3,2
4220,2,3
3149,9,7
5493,1,5
3898,9,7
6662,3,4
6941,2,4
1652,6,5
2646,8,6
5718,2,5
3916,14,7
3402,2,2
1438,1,3
254,7,6
4791,2,2
221,12,5
3707,2,5
5719,5,5
6088,5,4
1281,5,2
2900,3,3
3617,3,7
5428,2,4
2921,2,3
3621,7,8
6069,7,4
2057,3,5
4879,7,5
376,3,5
755,1,2
291,16,7
1835,3,3
4355,2,4
188,8,5
1553,11,6
1362,7,5
2423,3,5
5424,1,2
501,1,5
5544,3,4
4955,2,3
6204,3,4
3007,6,7
6039,1,2
6444,4,5
672,5,5
3891,4,6
1421,7,5
4693,2,4
5425,1,2
4758,2,5
5455,4,6
2815,6,5
216,1,2
421,4,6
6369,2,2
4994,1,2
3790,4,4
506,4,5
2264,4,7
3703,3,7
2623,2,7
1992,6,5
5359,3,5
1803,11,6
2034,2,5
3443,2,3
4446,3,6
5491,3,5
347,14,6
1578,3,6
333,7,4
5583,2,6
1893,7,5
6086,3,5
5362,2,5
6519,3,2
2746,4,6
4715,1,2
746,13,5
5461,5,3
1888,12,7
6708,1,2
4081,3,2
4217,5,5
4228,8,6
2225,5,6
259,9,5
1488,1,2
4224,1,5
1623,1,2
4581,1,2
2615,5,5
599,4,6
45,9,5
5097,2,2
6937,6,6
5769,1,5
6663,2,4
1436,1,3
1174,5,3
6669,2,2
3475,1,3
3536,1,3
2957,3,2
426,3,4
3306,6,8
805,2,3
410,2,2
4902,17,6
3494,1,2
438,8,6
6568,3,5
434,7,5
6680,3,5
3002,4,5
3570,4,5
3608,4,5
3601,10,8
3574,4,6
4708,2,4
4949,7,7
1049,11,5
626,1,4
2453,6,7
210,5,3
3135,1,4
5933,5,4
6620,2,3
51,3,4
1109,9,5
2407,5,3
3532,3,3
1569,2,6
2542,7,7
5489,1,5
4129,4,7
5914,5,2
1287,4,5
5790,4,4
2865,8,6
2258,5,6
3388,4,7
5938,4,5
2927,11,8
2917,2,3
5178,4,5
5820,4,5
5326,5,5
705,2,4
4746,7,4
5673,6,2
1882,4,6
2664,13,6
4619,1,2
527,2,6
1732,9,5
565,4,6
1554,4,7
3624,9,6
640,11,5
2223,3,5
730,4,5
5706,2,4
4279,3,4
325,24,6
290,15,7
2603,1,6
6774,1,1
1616,5,5
4100,2,4
4588,7,6
1871,7,5
3504,5,7
3460,1,3
864,2,5
6169,5,5
5894,5,2
6362,2,6
4536,3,4
2215,7,6
6526,1,1
371,5,4
2020,3,6
5628,6,2
5852,5,6
1499,7,6
2692,12,5
5059,6,5
5354,2,4
4782,6,6
1966,6,8
6307,5,2
6201,2,2
3800,10,8
5110,3,3
3203,7,6
2887,9,7
122,5,4
479,7,4
1566,1,2
1419,3,5
3528,4,5
1379,1,2
4518,1,2
940,9,6
4981,7,6
5091,5,3
439,5,6
847,14,5
3781,6,8
2697,3,3
3077,2,3
2133,3,3
1173,1,3
3742,7,8
6618,2,3
5665,3,4
2687,13,7
4965,5,6
3605,6,5
4813,3,2
279,1,2
3220,6,6
1511,2,5
3671,2,3
6469,2,6
6014,3,4
4342,9,5
1599,6,4
1101,13,4
2704,2,3
6048,1,4
1330,5,6
577,3,4
59,14,4
2997,2,3
787,1,3
2402,12,6
4424,8,7
1922,7,5
4609,6,7
4290,13,7
1317,6,4
1183,7,6
3885,2,5
6389,1,4
1620,3,4
4661,1,2
6459,6,2
184,2,4
6112,5,5
3214,2,5
420,6,6
4856,2,2
553,1,4
6447,3,6
3184,3,6
1608,10,6
6500,5,2
443,3,4
3578,3,6
6271,7,6
2357,7,6
4119,1,4
3309,19,6
5167,4,4
181,5,4
3455,4,5
794,6,5
2304,10,7
4738,8,4
3639,8,8
1954,13,3
5876,1,2
2859,1,3
3298,2,6
2149,9,7
5036,6,5
530,17,7
5389,1,1
710,5,5
5378,7,5
3131,6,7
558,2,5
5861,7,5
2260,9,6
5807,2,2
6556,4,6
907,9,7
2851,3,5
5903,3,5
3554,6,3
2526,7,6
3858,14,8
4986,4,4
6075,5,5
3686,4,5
926,9,6
4674,1,3
5978,5,4
4343,5,5
15,1,3
6297,6,4
315,2,4
5893,1,2
4947,10,7
1161,2,4
1465,2,4
1557,5,7
2178,5,2
2069,4,7
1212,2,3
6600,5,4
4851,3,4
5472,4,6
5405,2,2
5787,3,6
2338,3,7
5453,5,6
6083,8,2
2534,5,6
1414,3,2
1964,2,7
5227,4,4
1323,1,5
5149,1,2
6719,6,5
2464,3,6
3630,1,2
4025,2,2
2042,6,3
5234,3,6
1032,4,6
4871,10,4
3846,2,3
3352,12,6
5464,3,2
6552,1,5
2795,3,5
1010,1,6
4201,1,3
6740,4,5
691,6,6
533,7,7
4449,8,4
3481,8,7
652,10,4
33,1,4
4634,3,3
44,6,5
6151,4,6
2268,10,8
964,4,4
3349,3,8
2119,2,3
6134,11,5
5866,1,6
1615,5,7
4299,3,5
2306,8,7
1786,11,8
5186,4,3
5054,2,3
2499,1,3
26,7,5
6022,2,2
63,8,5
1044,3,4
6842,3,4
5155,6,4
227,4,3
2316,4,3
5338,6,4
3245,4,7
4338,1,2
5081,8,4
4215,7,5
4937,4,3
969,1,2
4550,5,7
3780,7,8
3838,3,7
2131,7,6
6588,8,4
5771,5,5
5982,1,2
4950,9,7
2916,5,5
5740,1,6
4099,2,4
4500,1,5
6694,4,4
252,8,5
2970,6,7
5488,1,2
6852,5,5
4793,4,2
5890,2,3
4273,6,7
1634,12,7
4376,2,3
6574,1,6
1671,8,5
5125,10,4
3852,4,6
6818,3,4
641,2,5
6493,5,5
3792,3,4
5419,3,4
297,2,4
303,3,5
2317,2,3
4240,4,2
3937,4,7
1768,12,7
6784,3,4
2794,1,5
655,8,5
5130,1,2
4633,4,3
6434,5,6
240,2,6
783,4,4
1354,5,3
1018,11,7
2333,5,6
977,18,7
809,7,5
3442,3,3
1726,9,8
257,3,7
893,4,4
3607,6,5
5231,2,5
4442,6,6
3044,8,6
3529,2,5
1694,2,5
3217,1,3
6625,7,2
2094,6,5
2954,4,5
4660,2,2
1357,2,4
1498,7,6
5970,4,5
2208,7,7
5751,2,6
2418,6,7
2715,16,7
5920,2,6
4301,1,3
6049,3,4
1801,7,6
5506,2,2
5609,5,2
5004,2,6
4004,2,2
1728,11,5
6156,4,4
6298,5,4
2596,2,5
1092,10,5
4862,12,7
124,2,4
3276,3,3
5935,3,4
4235,8,5
1912,7,5
3270,5,7
5309,5,4
3132,8,7
2770,3,8
598,16,6
75,3,4
1339,3,2
1416,1,2
1582,4,4
2157,2,2
3139,1,3
3929,1,3
6565,1,4
149,1,2
2937,2,5
5245,2,5
453,8,4
1586,2,2
5937,3,3
4336,7,5
4395,4,3
808,5,5
3378,5,3
5692,6,2
4221,2,3
5849,6,6
1119,8,4
4860,8,5
810,7,5
1129,2,4
834,6,6
1859,8,6
6752,2,2
6659,4,6
1897,5,3
1235,5,6
1225,11,4
1744,16,7
4147,3,7
3534,2,3
6043,6,2
2228,13,8
2802,3,5
4877,5,5
2992,2,4
1027,2,5
3017,5,3
5261,3,4
349,17,6
452,9,3
662,1,3
172,7,5
1405,1,7
5230,4,4
5410,8,4
422,12,6
5020,7,6
1737,1,3
881,1,2
3248,5,7
1253,15,5
2751,5,7
6142,8,2
2183,9,2
6330,2,2
6490,2,5
1832,4,5
102,10,4
4207,14,8
4251,4,5
6605,4,4
5913,3,2
4174,3,5
6123,6,2
2045,4,6
3404,1,6
3080,1,3
6959,3,6
6807,3,5
135,17,6
6793,2,2
3721,4,5
4563,10,6
6264,7,2
5010,2,4
6902,4,2
2323,8,7
6163,7,2
4952,1,4
2024,4,6
1718,4,6
2091,10,7
807,3,4
462,2,3
879,1,2
4917,1,3
4993,1,2
5239,2,4
6193,5,5
2571,6,7
799,7,6
354,3,4
3773,11,6
1073,8,4
2549,3,8
4326,3,7
144,3,4
380,4,5
1340,3,2
2347,5,5
4304,12,6
121,6,4
2080,1,2
1360,4,2
418,5,6
3551,6,5
5485,6,2
1514,9,6
4149,4,7
6962,2,4
2107,8,6
2952,6,3
555,1,2
3469,6,7
6338,6,6
3159,1,3
1485,4,4
4962,12,6
1272,6,6
6525,1,2
1411,2,3
4726,4,6
6861,1,4
1471,1,4
2441,2,5
6538,5,5
1921,3,5
5573,2,2
4105,2,1
2771,7,8
3098,3,3
4180,2,6
5612,1,2
6539,3,5
981,9,6
5907,2,4
2138,1,2
5728,6,2
6139,1,3
1268,8,5
414,3,5
268,9,6
2447,1,6
654,5,5
1721,9,6
1945,5,7
2181,1,2
5671,1,2
4626,3,6
3463,5,6
773,4,5
6013,4,5
589,3,3
4896,2,3
2890,10,7
4258,1,4
6507,8,2
3615,3,7
3821,3,8
2412,3,6
701,3,2
3003,6,6
5132,1,2
4189,7,7
677,10,4
2677,1,3
4668,1,6
2540,1,3
2298,3,3
6637,6,6
693,5,6
1513,5,5
6395,6,4
6037,5,4
6121,1,2
110,1,2
6684,3,3
5993,4,7
5176,8,4
2627,6,7
1864,5,7
3880,7,8
856,9,4
5627,7,2
4574,7,5
5924,7,5
2457,2,3
4503,7,5
4340,2,2
1934,11,5
5094,2,2
5805,1,3
4984,8,6
5516,8,6
2463,1,3
1468,5,2
5121,4,5
5193,2,4
4870,6,4
3113,10,5
2858,1,3
107,1,2
29,14,4
4031,6,5
6442,4,5
2684,8,6
5426,5,2
5513,3,6
751,4,5
3101,2,3
584,11,6
1220,8,7
6424,2,2
2226,12,7
5857,2,4
5992,1,6
548,4,7
5439,3,2
2707,9,6
3315,3,3
6475,2,2
1758,2,2
2245,3,7
6709,2,2
6812,2,2
3653,7,7
6779,5,4
6831,3,4
344,16,5
6522,3,4
5198,3,5
1575,9,7
1916,3,5
6531,6,4
6283,1,2
3968,4,3
6135,3,5
6387,5,4
2110,6,8
90,3,3
1971,8,5
4894,4,2
4246,1,2
3163,10,5
2533,8,6
624,4,4
69,4,4
889,4,7
4323,10,6
5676,1,3
4490,10,5
6099,1,4
3829,4,3
4985,6,4
947,7,4
877,4,4
5748,2,4
6502,1,2
293,10,5
3172,7,7
6481,8,2
445,6,4
6128,3,4
5200,5,5
1979,6,5
3813,1,5
3254,4,5
5129,2,4
6059,4,4
2805,9,6
6326,1,2
4625,3,5
3027,5,6
4975,10,5
4868,9,5
367,10,7
6436,4,4
5272,4,3
4154,1,4
6248,8,5
3319,2,3
6161,1,2
6383,5,6
2210,5,8
2272,3,5
3208,3,7
6830,5,4
5038,6,5
6607,9,4
5845,2,5
4074,5,6
1858,1,6
1186,5,6
5152,1,4
2233,7,8
4479,9,5
4148,6,6
5289,2,5
6813,2,2
151,7,5
3043,3,6
1033,11,4
1383,9,5
915,2,4
1305,5,5
6371,1,2
2440,3,5
4928,8,5
509,7,6
5809,2,3
4987,5,4
4054,3,5
2588,3,8
4923,8,6
5199,7,5
748,8,5
3518,1,6
3979,5,7
4622,1,3
1310,12,7
1611,13,7
5113,2,2
911,6,4
2614,9,5
2446,1,3
4458,9,4
3871,4,6
5040,4,5
5825,1,3
1956,2,3
471,14,4
4059,3,3
4038,6,7
2098,2,2
5275,1,2
3161,1,3
6575,3,5
3728,3,5
896,3,4
5270,2,4
5875,1,2
1773,9,5
3235,2,3
251,9,5
1209,1,2
2629,9,7
3795,10,8
2874,8,5
3006,8,7
6456,5,4
1128,1,3
2827,2,6
4427,8,7
1593,8,6
1965,3,7
3377,6,3
57,3,4
1699,13,6
1322,3,2
176,6,4
5459,5,4
2678,2,3
6702,5,5
6921,1,4
6236,3,4
292,11,7
1142,1,2
4353,10,5
6919,6,4
183,3,4
1170,2,4
2488,3,7
4664,2,5
3289,2,5
6890,4,4
4840,7,5
2287,13,8
1086,4,4
5095,1,2
6763,3,4
1172,1,4
2417,11,7
6599,3,4
4824,12,7
4977,3,5
2095,3,4
4617,2,3
4678,1,2
5954,1,5
4855,1,2
2142,6,5
3047,4,7
613,13,5
3295,1,3
5716,2,5
4512,5,5
3649,1,3
1430,5,5
4003,2,2
1876,2,3
1748,7,7
6833,2,5
505,1,3
415,3,5
5247,1,5
272,15,7
2879,2,3
1706,9,7
3872,6,6
6946,7,2
6929,1,2
4620,1,2
5822,2,2
2388,1,3
106,9,3
1344,8,3
6737,3,5
3827,5,5
5221,6,3
5638,4,5
6417,3,6
952,3,5
2083,4,5
4582,3,6
4362,6,5
1504,2,4
6536,3,5
6927,2,2
4022,1,4
2345,3,5
5827,1,3
1121,1,4
3732,1,6
5386,1,1
3185,13,7
1024,3,3
2892,4,7
4564,1,6
5321,7,5
3075,5,3
2509,4,7
416,8,5
4048,2,4
4761,8,6
3038,1,3
3269,3,5
564,13,6
478,6,6
2399,8,8
5078,1,2
1203,13,6
1224,15,5
142,5,3
3277,1,3
4561,1,3
3931,1,3
6667,2,2
2227,12,6
2477,2,5
2926,4,6
605,4,3
1194,8,4
2126,7,7
2132,2,3
6325,1,2
4587,5,7
1756,1,2
497,2,5
5421,1,3
2199,2,4
6810,3,2
3428,6,6
4216,7,5
5835,5,6
721,2,2
2543,1,7
1025,1,2
5062,10,6
1295,3,4
6593,3,6
1496,1,6
2312,5,5
1520,8,5
2087,5,6
4882,3,7
6654,3,5
5498,7,5
5551,2,2
2781,1,3
2942,5,6
6408,1,2
5610,3,2
5067,5,6
1302,1,2
108,2,2
1754,4,4
1351,8,6
6229,6,5
3611,1,3
4140,6,5
3731,1,3
3599,5,7
5106,3,6
4728,8,4
931,5,4
1973,3,5
336,4,2
6103,1,2
5939,4,5
6867,3,2
2688,8,7
1649,3,7
937,8,6
5987,8,5
1580,4,4
6116,3,4
387,1,4
3875,8,6
6187,2,4
3505,4,7
2516,3,5
3555,3,3
724,7,4
765,1,5
6203,6,4
4275,7,7
307,14,6
3939,1,7
4307,4,5
5212,1,4
5418,1,4
6047,3,4
6309,2,5
1791,7,8
3176,2,3
2932,9,8
4890,5,4
2053,7,7
2517,5,3
71,1,2
6241,6,2
3143,5,6
1260,5,4
1666,6,7
2275,2,3
3053,4,5
3328,6,8
2344,6,5
6632,3,4
1695,4,3
1095,6,6
3799,7,7
4529,10,7
4590,4,6
1630,9,7
4001,1,4
1881,7,5
4657,2,4
1612,13,7
978,19,7
6175,8,4
4938,1,3
2521,1,3
848,18,5
